{
    "loss": 1.3304541110992432,
    "accuracy": 0.8620689511299133
}