{
    "loss": 0.6885421276092529,
    "accuracy": 0.9137930870056152
}